python开发工程师[上海·潍坊],2022-12-15,10k-20k,10k-20k经验1年以下 / 本科
python开发工程师[西安·电子城],14:16发布,15k-30k,15k-30k经验1-3年 / 本科
软件开发工程师(C/C++/ Java/Python)[杭州·滨江区],15:56发布,18k-35k,18k-35k经验不限 / 本科
devops/python开发工程师[苏州·姑苏区],2022-12-14,15k-20k,15k-20k经验3-5年 / 本科
java/Python/web开发工程师[西安·电子城],2022-11-22,15k-30k,15k-30k经验不限 / 本科
python开发工程师[北京·七里庄],15:44发布,20k-30k,20k-30k经验3-5年 / 本科
python开发工程师[上海·塘桥],15:25发布,15k-19k,15k-19k经验1-3年 / 本科
python工程师[北京·东四十条],12:05发布,5k-10k,5k-10k经验在校/应届 / 本科
python开发工程师[上海·陆家嘴],16:00发布,20k-40k,20k-40k经验不限 / 本科
python开发工程师[深圳·科技园],08:18发布,7k-12k,7k-12k经验在校/应届 / 本科
c＋＋/python/java开发工程师[上海·五里桥],2022-12-14,13k-15k,13k-15k经验3-5年 / 本科
python开发工程师[北京·和平里],09:46发布,7k-14k,7k-14k经验1-3年 / 本科
python开发工程师[上海·陆家嘴],16:00发布,15k-30k,15k-30k经验在校/应届 / 本科
Python开发工程师[北京·海淀区],15:14发布,10k-20k,10k-20k经验1-3年 / 本科
python开发工程师[上海·五里桥],2022-12-15,14k-15k,14k-15k经验3-5年 / 本科
